mean,sd
5213.818447283345,3065.326428304426
